1LSU_A.txt,
1NSU_A.txt,
1ULM_A.txt,
AB02_A.txt,
AB04_A.txt,
AB06_A.txt,
AB07_A.txt,
AB08_A.txt,
AB09_A.txt,
AB11_A.txt,
AB12_A.txt,
AB13_A.txt,
AB14_A.txt,
AB15_A.txt,
AB17_A.txt,
AB18_A.txt,
AB21_A.txt,
AB22_A.txt,
AB25_A.txt,
AB27_A.txt,
AB28_A.txt,
AB33_A.txt,
AB35_A.txt,
AB36_A.txt,
AB37_A.txt,
AB39_A.txt,
AB41_A.txt,
AB42_A.txt,
AB43_A.txt,
AB44_A.txt,
AB45_A.txt,
AB46_A.txt,
AB48_A.txt,
AB49_A.txt,
AB50_A.txt,
AB51_A.txt,
ABMF_A.txt,
AC07_A.txt,
AC08_A.txt,
AC09_A.txt,
AC10_A.txt,
AC12_A.txt,
AC13_A.txt,
AC15_A.txt,
AC17_A.txt,
AC19_A.txt,
AC20_A.txt,
AC23_A.txt,
AC24_A.txt,
AC25_A.txt,
AC26_A.txt,
AC27_A.txt,
AC29_A.txt,
AC31_A.txt,
AC37_A.txt,
AC38_A.txt,
AC39_A.txt,
AC40_A.txt,
AC41_A.txt,
AC42_A.txt,
AC43_A.txt,
AC45_A.txt,
AC47_A.txt,
AC48_A.txt,
AC50_A.txt,
AC51_A.txt,
AC52_A.txt,
AC53_A.txt,
AC57_A.txt,
AC58_A.txt,
AC60_A.txt,
AC61_A.txt,
AC62_A.txt,
AC63_A.txt,
AC67_A.txt,
AC70_A.txt,
AC71_A.txt,
AC72_A.txt,
AC74_A.txt,
AC75_A.txt,
AC76_A.txt,
AC78_A.txt,
AC79_A.txt,
ACP1_A.txt,
ACSO_A.txt,
ACU5_A.txt,
ACU6_A.txt,
ADKS_A.txt,
ADRI_A.txt,
AHID_A.txt,
AIS5_A.txt,
AIS6_A.txt,
AKRD_A.txt,
AKSE_A.txt,
AKSI_A.txt,
AL30_A.txt,
AL35_A.txt,
AL50_A.txt,
AL60_A.txt,
AL62_A.txt,
AL76_A.txt,
AL81_A.txt,
AL82_A.txt,
AL84_A.txt,
AL90_A.txt,
AL92_A.txt,
ALA1_A.txt,
ALAN_A.txt,
ALAS_A.txt,
ALBE_A.txt,
ALBH_A.txt,
ALBU_A.txt,
ALCE_A.txt,
ALCL_A.txt,
ALCN_A.txt,
ALCU_A.txt,
ALDI_A.txt,
ALDO_A.txt,
ALDS_A.txt,
ALEB_A.txt,
ALFA_A.txt,
ALFO_A.txt,
ALGO_A.txt,
ALHC_A.txt,
ALHL_A.txt,
ALJA_A.txt,
ALLA_A.txt,
ALMJ_A.txt,
ALNB_A.txt,
ALNC_A.txt,
ALRE_A.txt,
ALRT_A.txt,
ALSE_A.txt,
ALTA_A.txt,
ALTU_A.txt,
AMC4_A.txt,
AMER_A.txt,
AMME_A.txt,
ANA1_A.txt,
ANC2_A.txt,
ANDS_A.txt,
ANG5_A.txt,
ANG6_A.txt,
ARBT_A.txt,
ARCM_A.txt,
ARDQ_A.txt,
ARFY_A.txt,
ARGS_A.txt,
ARHP_A.txt,
ARHR_A.txt,
ARJB_A.txt,
ARLR_A.txt,
ARM3_A.txt,
ARMO_A.txt,
ARPB_A.txt,
ARPG_A.txt,
ARRV_A.txt,
ARWY_A.txt,
ASCS_A.txt,
ASPA_A.txt,
ASUB_A.txt,
AT01_A.txt,
ATLI_A.txt,
ATQK_A.txt,
ATW2_A.txt,
AUBN_A.txt,
AV09_A.txt,
AVCA_A.txt,
AWES_A.txt,
AZ36_A.txt,
AZAM_A.txt,
AZBF_A.txt,
AZBH_A.txt,
AZBK_A.txt,
AZBR_A.txt,
AZCO_A.txt,
AZCS_A.txt,
AZDS_A.txt,
AZFL_A.txt,
AZFM_A.txt,
AZGB_A.txt,
AZGC_A.txt,
AZGD_A.txt,
AZGV_A.txt,
AZLH_A.txt,
AZLQ_A.txt,
AZMP_A.txt,
AZMS_A.txt,
AZP0_A.txt,
AZP2_A.txt,
AZPA_A.txt,
AZPG_A.txt,
AZPS_A.txt,
AZRV_A.txt,
AZSF_A.txt,
AZST_A.txt,
AZSV_A.txt,
AZTP_A.txt,
AZU1_A.txt,
AZUP_A.txt,
AZVA_A.txt,
AZWA_A.txt,
AZYA_A.txt,
AZYC_A.txt,
AZYH_A.txt,
AZYU_A.txt,
BACO_A.txt,
BAIE_A.txt,
BAKE_A.txt,
BAMF_A.txt,
BAR1_A.txt,
BARH_A.txt,
BAYR_A.txt,
BCRK_A.txt,
BET1_A.txt,
BFNY_A.txt,
BGGY_A.txt,
BGOH_A.txt,
BHPL_A.txt,
BHR3_A.txt,
BHR4_A.txt,
BIGR_A.txt,
BILL_A.txt,
BIS5_A.txt,
BIS6_A.txt,
BJAB_A.txt,
BJCO_A.txt,
BJKA_A.txt,
BJNA_A.txt,
BJNI_A.txt,
BJPA_A.txt,
BJSA_A.txt,
BKAP_A.txt,
BKVL_A.txt,
BLA1_A.txt,
BLOM_A.txt,
BLW2_A.txt,
BLYT_A.txt,
BMHL_A.txt,
BMPD_A.txt,
BOAV_A.txt,
BOGT_A.txt,
BRCH_A.txt,
BREW_A.txt,
BRFT_A.txt,
BRI2_A.txt,
BRIB_A.txt,
BRIG_A.txt,
BRMU_A.txt,
BRSG_A.txt,
BRTW_A.txt,
BRW1_A.txt,
BSMK_A.txt,
BURN_A.txt,
BVHS_A.txt,
CABL_A.txt,
CACC_A.txt,
CAGS_A.txt,
CALC_A.txt,
CALU_A.txt,
CAMR_A.txt,
CAPO_A.txt,
CARH_A.txt,
CASN_A.txt,
CASR_A.txt,
CAT2_A.txt,
CAT3_A.txt,
CATA_A.txt,
CAVE_A.txt,
CBMD_A.txt,
CBRG_A.txt,
CCCC_A.txt,
CCJ2_A.txt,
CCMK_A.txt,
CCRM_A.txt,
CCSK_A.txt,
CCV5_A.txt,
CCV6_A.txt,
CDB8_A.txt,
CEFE_A.txt,
CHAC_A.txt,
CHB5_A.txt,
CHB6_A.txt,
CHCM_A.txt,
CHET_A.txt,
CHIL_A.txt,
CHIN_A.txt,
CHNN_A.txt,
CHSN_A.txt,
CHTI_A.txt,
CHUR_A.txt,
CHWK_A.txt,
CHZZ_A.txt,
CKSV_A.txt,
CLGO_A.txt,
CLRE_A.txt,
CMBB_A.txt,
CME5_A.txt,
CME6_A.txt,
CMOD_A.txt,
CN00_A.txt,
CN01_A.txt,
CN02_A.txt,
CN04_A.txt,
CN05_A.txt,
CN06_A.txt,
CN07_A.txt,
CN12_A.txt,
CN13_A.txt,
CN14_A.txt,
CN15_A.txt,
CN16_A.txt,
CN19_A.txt,
CN27_A.txt,
CN29_A.txt,
CN35_A.txt,
CN37_A.txt,
CN38_A.txt,
CN40_A.txt,
CN41_A.txt,
CN47_A.txt,
CN56_A.txt,
CN57_A.txt,
CNC1_A.txt,
CNMR_A.txt,
CNPP_A.txt,
COBK_A.txt,
COF1_A.txt,
COFC_A.txt,
COH2_A.txt,
COL2_A.txt,
COLA_A.txt,
COLB_A.txt,
COPR_A.txt,
CORB_A.txt,
CORV_A.txt,
COSL_A.txt,
COSO_A.txt,
COT1_A.txt,
COT2_A.txt,
COVG_A.txt,
CPAC_A.txt,
CPXF_A.txt,
CRBT_A.txt,
CRHS_A.txt,
CRO1_A.txt,
CRST_A.txt,
CRU1_A.txt,
CSST_A.txt,
CTA1_A.txt,
CTBK_A.txt,
CTBR_A.txt,
CTDA_A.txt,
CTEG_A.txt,
CTGR_A.txt,
CTGU_A.txt,
CTI4_A.txt,
CTMA_A.txt,
CTMC_A.txt,
CTNE_A.txt,
CTPN_A.txt,
CTPU_A.txt,
CTWI_A.txt,
CUIB_A.txt,
CUPR_A.txt,
CZTG_A.txt,
DDSN_A.txt,
DED2_A.txt,
DEDO_A.txt,
DEMI_A.txt,
DENE_A.txt,
DET5_A.txt,
DET6_A.txt,
DEV1_A.txt,
DHLG_A.txt,
DLND_A.txt,
DNRC_A.txt,
DOBS_A.txt,
DOT1_A.txt,
DP1A_A.txt,
DP2A_A.txt,
DP3A_A.txt,
DP5A_A.txt,
DP6B_A.txt,
DRAO_A.txt,
DRDN_A.txt,
DRV5_A.txt,
DRV6_A.txt,
DSL1_A.txt,
DSRC_A.txt,
DSSC_A.txt,
DSTR_A.txt,
DUBO_A.txt,
DUNN_A.txt,
DURH_A.txt,
DWI1_A.txt,
EC01_A.txt,
ECHO_A.txt,
ECSD_A.txt,
EDOC_A.txt,
EGAN_A.txt,
EIL3_A.txt,
EIL4_A.txt,
ELKO_A.txt,
ENG5_A.txt,
ENG6_A.txt,
EPRT_A.txt,
ESCU_A.txt,
EWPP_A.txt,
EYAC_A.txt,
FAI1_A.txt,
FAIR_A.txt,
FARB_A.txt,
FARI_A.txt,
FERN_A.txt,
FFT2_A.txt,
FL75_A.txt,
FLBN_A.txt,
FLC5_A.txt,
FLC6_A.txt,
FLCB_A.txt,
FLCK_A.txt,
FLF1_A.txt,
FLIN_A.txt,
FLKW_A.txt,
FLMK_A.txt,
FLWE_A.txt,
FMYR_A.txt,
FOOT_A.txt,
FRDN_A.txt,
FRED_A.txt,
FREO_A.txt,
FRKN_A.txt,
FRTG_A.txt,
FSHS_A.txt,
FTS5_A.txt,
FTS6_A.txt,
FWTR_A.txt,
GAAE_A.txt,
GAAU_A.txt,
GAAY_A.txt,
GABN_A.txt,
GABY_A.txt,
GACC_A.txt,
GACR_A.txt,
GALP_A.txt,
GANW_A.txt,
GARF_A.txt,
GARL_A.txt,
GASA_A.txt,
GAST_A.txt,
GATF_A.txt,
GCEA_A.txt,
GCES_A.txt,
GCFS_A.txt,
GCGO_A.txt,
GDMA_A.txt,
GISA_A.txt,
GLBX_A.txt,
GLRS_A.txt,
GMPK_A.txt,
GNPS_A.txt,
GNVL_A.txt,
GOBS_A.txt,
GOD2_A.txt,
GODE_A.txt,
GODN_A.txt,
GODS_A.txt,
GOL2_A.txt,
GOSH_A.txt,
GRAR_A.txt,
GRIS_A.txt,
GRMD_A.txt,
GRNX_A.txt,
GRTN_A.txt,
GSC1_A.txt,
GTAC_A.txt,
GTRG_A.txt,
GUAM_A.txt,
GUAT_A.txt,
GUAX_A.txt,
GUGO_A.txt,
GUS5_A.txt,
GUS6_A.txt,
GUST_A.txt,
GUUG_A.txt,
GVMS_A.txt,
GWN5_A.txt,
GWN6_A.txt,
HAHD_A.txt,
HAL1_A.txt,
HAML_A.txt,
HAMM_A.txt,
HAMP_A.txt,
HAST_A.txt,
HAYW_A.txt,
HBCH_A.txt,
HCES_A.txt,
HDF5_A.txt,
HDF6_A.txt,
HDIL_A.txt,
HIKB_A.txt,
HILR_A.txt,
HIPT_A.txt,
HKSL_A.txt,
HKWS_A.txt,
HLFX_A.txt,
HMLK_A.txt,
HNLC_A.txt,
HNPS_A.txt,
HNPT_A.txt,
HOLB_A.txt,
HOLM_A.txt,
HOPB_A.txt,
HOPL_A.txt,
HOUM_A.txt,
HRST_A.txt,
IAAL_A.txt,
IAAM_A.txt,
IAAS_A.txt,
IAAT_A.txt,
IABF_A.txt,
IAC1_A.txt,
IACB_A.txt,
IACL_A.txt,
IACN_A.txt,
IADA_A.txt,
IADE_A.txt,
IADN_A.txt,
IADO_A.txt,
IAEL_A.txt,
IAHT_A.txt,
IALN_A.txt,
IAMD_A.txt,
IAMN_A.txt,
IAMQ_A.txt,
IANA_A.txt,
IAOK_A.txt,
IAPS_A.txt,
IASU_A.txt,
IASW_A.txt,
IASX_A.txt,
IATA_A.txt,
IAWN_A.txt,
ICAM_A.txt,
ICT1_A.txt,
ICT3_A.txt,
ICT4_A.txt,
ICT5_A.txt,
ID01_A.txt,
ID03_A.txt,
IDBB_A.txt,
IDBY_A.txt,
IDCH_A.txt,
IDDR_A.txt,
IDDU_A.txt,
IDIF_A.txt,
IDIR_A.txt,
IDNL_A.txt,
IDNP_A.txt,
IDPO_A.txt,
IDSN_A.txt,
IDTD_A.txt,
IDTF_A.txt,
IID2_A.txt,
ILSA_A.txt,
ILUC_A.txt,
IMPS_A.txt,
IMPZ_A.txt,
INAB_A.txt,
INAS_A.txt,
INAX_A.txt,
INBD_A.txt,
INBR_A.txt,
INCB_A.txt,
INCL_A.txt,
INCO_A.txt,
INCR_A.txt,
INDA_A.txt,
INEG_A.txt,
INES_A.txt,
INEV_A.txt,
INFC_A.txt,
INFR_A.txt,
INFW_A.txt,
INGG_A.txt,
INGY_A.txt,
INHC_A.txt,
INJS_A.txt,
INLN_A.txt,
INLP_A.txt,
INLW_A.txt,
INMD_A.txt,
INMO_A.txt,
INMT_A.txt,
INNC_A.txt,
INPA_A.txt,
INPD_A.txt,
INPL_A.txt,
INRI_A.txt,
INRN_A.txt,
INSB_A.txt,
INSG_A.txt,
INSY_A.txt,
INTC_A.txt,
INTP_A.txt,
INVI_A.txt,
INVK_A.txt,
INWB_A.txt,
INWL_A.txt,
INWN_A.txt,
INWR_A.txt,
IPAZ_A.txt,
IQAL_A.txt,
ISBA_A.txt,
ISCO_A.txt,
ISER_A.txt,
ISKU_A.txt,
ISLK_A.txt,
ISNA_A.txt,
IUCO_A.txt,
JFWS_A.txt,
JGS2_A.txt,
JIME_A.txt,
JNU1_A.txt,
JPLM_A.txt,
JSTN_A.txt,
KA10_A.txt,
KA12_A.txt,
KA14_A.txt,
KA18_A.txt,
KA20_A.txt,
KA21_A.txt,
KAR2_A.txt,
KAR4_A.txt,
KEN5_A.txt,
KEN6_A.txt,
KEW5_A.txt,
KEW6_A.txt,
KGMN_A.txt,
KING_A.txt,
KIRI_A.txt,
KNGS_A.txt,
KNGV_A.txt,
KNS5_A.txt,
KNS6_A.txt,
KNTN_A.txt,
KOD5_A.txt,
KOD6_A.txt,
KOK5_A.txt,
KOK6_A.txt,
KOKB_A.txt,
KOUR_A.txt,
KSSL_A.txt,
KSTC_A.txt,
KSU1_A.txt,
KSWK_A.txt,
KUUJ_A.txt,
KVTX_A.txt,
KYBO_A.txt,
KYBU_A.txt,
KYCP_A.txt,
KYDH_A.txt,
KYGB_A.txt,
KYMH_A.txt,
KYRR_A.txt,
KYTB_A.txt,
KYTC_A.txt,
KYTD_A.txt,
KYTE_A.txt,
KYTF_A.txt,
KYTG_A.txt,
KYTH_A.txt,
KYTI_A.txt,
KYTK_A.txt,
KYTL_A.txt,
LANM_A.txt,
LANS_A.txt,
LAUD_A.txt,
LAUT_A.txt,
LBLL_A.txt,
LCDT_A.txt,
LCSB_A.txt,
LCSM_A.txt,
LCUR_A.txt,
LEBA_A.txt,
LESV_A.txt,
LEV5_A.txt,
LEV6_A.txt,
LFLO_A.txt,
LINH_A.txt,
LKHU_A.txt,
LMCN_A.txt,
LMMF_A.txt,
LNC1_A.txt,
LNC2_A.txt,
LOLO_A.txt,
LORS_A.txt,
LOY2_A.txt,
LOY8_A.txt,
LOYA_A.txt,
LOYC_A.txt,
LOYF_A.txt,
LOYH_A.txt,
LOYJ_A.txt,
LOYK_A.txt,
LOYO_A.txt,
LOYP_A.txt,
LOYQ_A.txt,
LOYR_A.txt,
LOYS_A.txt,
LOYW_A.txt,
LOYX_A.txt,
LOYY_A.txt,
LOYZ_A.txt,
LPOC_A.txt,
LPSB_A.txt,
LS02_A.txt,
LS03_A.txt,
LS04_A.txt,
LS06_A.txt,
LS08_A.txt,
LSUA_A.txt,
LTEC_A.txt,
LUMT_A.txt,
LWES_A.txt,
LWST_A.txt,
LYCO_A.txt,
MABN_A.txt,
MACM_A.txt,
MADA_A.txt,
MAFA_A.txt,
MAJU_A.txt,
MAMI_A.txt,
MAMV_A.txt,
MANA_A.txt,
MANT_A.txt,
MAPL_A.txt,
MARI_A.txt,
MARY_A.txt,
MASA_A.txt,
MASB_A.txt,
MASH_A.txt,
MASW_A.txt,
MATA_A.txt,
MATB_A.txt,
MATU_A.txt,
MAUI_A.txt,
MAWM_A.txt,
MAWR_A.txt,
MAWY_A.txt,
MC01_A.txt,
MC02_A.txt,
MC03_A.txt,
MC04_A.txt,
MC05_A.txt,
MC06_A.txt,
MC07_A.txt,
MC08_A.txt,
MC09_A.txt,
MC10_A.txt,
MCD5_A.txt,
MCD6_A.txt,
MCEI_A.txt,
MCES_A.txt,
MCHN_A.txt,
MCNE_A.txt,
MCON_A.txt,
MCSO_A.txt,
MDAI_A.txt,
MDFC_A.txt,
MDMT_A.txt,
MDO1_A.txt,
MEBA_A.txt,
MECC_A.txt,
MEDX_A.txt,
MEFK_A.txt,
MEFR_A.txt,
MEGO_A.txt,
MEGR_A.txt,
MEJD_A.txt,
MELI_A.txt,
MEMA_A.txt,
MEOW_A.txt,
MEPI_A.txt,
MERA_A.txt,
MERI_A.txt,
MERO_A.txt,
MESP_A.txt,
MEST_A.txt,
METR_A.txt,
MEWA_A.txt,
MEXI_A.txt,
MFLD_A.txt,
MGUE_A.txt,
MHC2_A.txt,
MHCB_A.txt,
MIAL_A.txt,
MIAR_A.txt,
MIBC_A.txt,
MIBH_A.txt,
MIBO_A.txt,
MIBX_A.txt,
MIBY_A.txt,
MICA_A.txt,
MICC_A.txt,
MICP_A.txt,
MICV_A.txt,
MICW_A.txt,
MICX_A.txt,
MIDI_A.txt,
MIDS_A.txt,
MIDT_A.txt,
MIFW_A.txt,
MIGD_A.txt,
MIGH_A.txt,
MIGL_A.txt,
MIHA_A.txt,
MIHD_A.txt,
MIHL_A.txt,
MIHO_A.txt,
MIHT_A.txt,
MIHV_A.txt,
MIIR_A.txt,
MIIT_A.txt,
MIIW_A.txt,
MIKK_A.txt,
MIKS_A.txt,
MILI_A.txt,
MILS_A.txt,
MILT_A.txt,
MIMA_A.txt,
MIMC_A.txt,
MIME_A.txt,
MIMK_A.txt,
MIMN_A.txt,
MIMO_A.txt,
MIMQ_A.txt,
MIMR_A.txt,
MIMU_A.txt,
MINB_A.txt,
MIND_A.txt,
MINH_A.txt,
MINI_A.txt,
MINS_A.txt,
MINW_A.txt,
MIO2_A.txt,
MIOG_A.txt,
MION_A.txt,
MIOT_A.txt,
MIPP_A.txt,
MIPV_A.txt,
MIPW_A.txt,
MIQE_A.txt,
MISC_A.txt,
MISH_A.txt,
MISI_A.txt,
MISJ_A.txt,
MISR_A.txt,
MIST_A.txt,
MITC_A.txt,
MITO_A.txt,
MITS_A.txt,
MITU_A.txt,
MITW_A.txt,
MIVA_A.txt,
MIWA_A.txt,
MIWB_A.txt,
MIWC_A.txt,
MKEA_A.txt,
MLFP_A.txt,
MLO1_A.txt,
MMD1_A.txt,
MMX1_A.txt,
MNAN_A.txt,
MNAS_A.txt,
MNAV_A.txt,
MNAX_A.txt,
MNBD_A.txt,
MNBE_A.txt,
MNBJ_A.txt,
MNBV_A.txt,
MNCA_A.txt,
MNCL_A.txt,
MNDN_A.txt,
MNDT_A.txt,
MNDV_A.txt,
MNEM_A.txt,
MNEY_A.txt,
MNFF_A.txt,
MNGP_A.txt,
MNGR_A.txt,
MNHD_A.txt,
MNHK_A.txt,
MNHN_A.txt,
MNHW_A.txt,
MNHY_A.txt,
MNJC_A.txt,
MNJF_A.txt,
MNKA_A.txt,
MNLC_A.txt,
MNLK_A.txt,
MNLS_A.txt,
MNMA_A.txt,
MNMC_A.txt,
MNME_A.txt,
MNMG_A.txt,
MNMN_A.txt,
MNMR_A.txt,
MNMS_A.txt,
MNOK_A.txt,
MNPS_A.txt,
MNRE_A.txt,
MNRM_A.txt,
MNRT_A.txt,
MNRV_A.txt,
MNSB_A.txt,
MNSC_A.txt,
MNSQ_A.txt,
MNSV_A.txt,
MNTF_A.txt,
MNTL_A.txt,
MNVI_A.txt,
MNVN_A.txt,
MNVT_A.txt,
MNWH_A.txt,
MNWN_A.txt,
MOA2_A.txt,
MOAL_A.txt,
MOAT_A.txt,
MOB3_A.txt,
MOB4_A.txt,
MOBE_A.txt,
MOBF_A.txt,
MOBG_A.txt,
MOBO_A.txt,
MOBR_A.txt,
MOBT_A.txt,
MOBU_A.txt,
MOBW_A.txt,
MOCA_A.txt,
MOCD_A.txt,
MOCE_A.txt,
MOCH_A.txt,
MOCL_A.txt,
MOCN_A.txt,
MOCO_A.txt,
MOCR_A.txt,
MOCS_A.txt,
MODB_A.txt,
MODP_A.txt,
MODR_A.txt,
MODX_A.txt,
MOEB_A.txt,
MOED_A.txt,
MOEL_A.txt,
MOFE_A.txt,
MOFL_A.txt,
MOGF_A.txt,
MOGV_A.txt,
MOHL_A.txt,
MOHS_A.txt,
MOHT_A.txt,
MOHV_A.txt,
MOIP_A.txt,
MOJC_A.txt,
MOJK_A.txt,
MOKE_A.txt,
MOKV_A.txt,
MOM2_A.txt,
MOMC_A.txt,
MOMF_A.txt,
MOMG_A.txt,
MOMK_A.txt,
MOML_A.txt,
MOMO_A.txt,
MOMV_A.txt,
MONC_A.txt,
MONE_A.txt,
MONF_A.txt,
MONP_A.txt,
MOOA_A.txt,
MOOF_A.txt,
MOON_A.txt,
MOPL_A.txt,
MOPN_A.txt,
MOPT_A.txt,
MOR5_A.txt,
MOR6_A.txt,
MORH_A.txt,
MORM_A.txt,
MOSB_A.txt,
MOSD_A.txt,
MOSE_A.txt,
MOSF_A.txt,
MOSG_A.txt,
MOSH_A.txt,
MOSI_A.txt,
MOSL_A.txt,
MOSR_A.txt,
MOST_A.txt,
MOSV_A.txt,
MOTK_A.txt,
MOVB_A.txt,
MOVE_A.txt,
MOWB_A.txt,
MOWR_A.txt,
MOWS_A.txt,
MOWW_A.txt,
MPL2_A.txt,
MPLE_A.txt,
MPR1_A.txt,
MRC1_A.txt,
MRL1_A.txt,
MRL2_A.txt,
MSBN_A.txt,
MSBV_A.txt,
MSD1_A.txt,
MSEV_A.txt,
MSGN_A.txt,
MSIN_A.txt,
MSKY_A.txt,
MSME_A.txt,
MSOL_A.txt,
MSOX_A.txt,
MSPE_A.txt,
MTBR_A.txt,
MTCB_A.txt,
MTCU_A.txt,
MTDT_A.txt,
MTEI_A.txt,
MTFV_A.txt,
MTGW_A.txt,
MTHC_A.txt,
MTHM_A.txt,
MTLG_A.txt,
MTLO_A.txt,
MTLW_A.txt,
MTMI_A.txt,
MTMS_A.txt,
MTNT_A.txt,
MTOP_A.txt,
MTP1_A.txt,
MTPJ_A.txt,
MTRC_A.txt,
MTSU_A.txt,
MTSY_A.txt,
MTUM_A.txt,
MTV1_A.txt,
MTV2_A.txt,
MTVR_A.txt,
MTWP_A.txt,
MTY2_A.txt,
MTZM_A.txt,
MUSB_A.txt,
MWRD_A.txt,
N001_A.txt,
N002_A.txt,
N003_A.txt,
N240_A.txt,
N300_A.txt,
N301_A.txt,
N302_A.txt,
N303_A.txt,
N304_A.txt,
N551_A.txt,
NAIN_A.txt,
NANO_A.txt,
NAPL_A.txt,
NAS0_A.txt,
NAUS_A.txt,
NC77_A.txt,
NCAL_A.txt,
NCBC_A.txt,
NCBE_A.txt,
NCBI_A.txt,
NCBR_A.txt,
NCBT_A.txt,
NCBU_A.txt,
NCBX_A.txt,
NCCA_A.txt,
NCCH_A.txt,
NCCI_A.txt,
NCCO_A.txt,
NCCR_A.txt,
NCD4_A.txt,
NCDU_A.txt,
NCEC_A.txt,
NCEL_A.txt,
NCET_A.txt,
NCFA_A.txt,
NCFF_A.txt,
NCFR_A.txt,
NCGA_A.txt,
NCGO_A.txt,
NCHE_A.txt,
NCHI_A.txt,
NCJA_A.txt,
NCJL_A.txt,
NCJV_A.txt,
NCKI_A.txt,
NCKN_A.txt,
NCLE_A.txt,
NCLI_A.txt,
NCLL_A.txt,
NCLU_A.txt,
NCMA_A.txt,
NCMG_A.txt,
NCMO_A.txt,
NCMR_A.txt,
NCMU_A.txt,
NCNA_A.txt,
NCNB_A.txt,
NCNE_A.txt,
NCNW_A.txt,
NCPO_A.txt,
NCRB_A.txt,
NCRD_A.txt,
NCRE_A.txt,
NCRO_A.txt,
NCRT_A.txt,
NCRX_A.txt,
NCSA_A.txt,
NCSF_A.txt,
NCSH_A.txt,
NCSL_A.txt,
NCSO_A.txt,
NCSP_A.txt,
NCSR_A.txt,
NCST_A.txt,
NCSW_A.txt,
NCSY_A.txt,
NCTA_A.txt,
NCTR_A.txt,
NCWA_A.txt,
NCWC_A.txt,
NCWH_A.txt,
NCWJ_A.txt,
NCWL_A.txt,
NCWM_A.txt,
NCWR_A.txt,
NCZO_A.txt,
NDAS_A.txt,
NDCA_A.txt,
NDCO_A.txt,
NDDI_A.txt,
NDEL_A.txt,
NDFA_A.txt,
NDFO_A.txt,
NDGR_A.txt,
NDHI_A.txt,
NDMU_A.txt,
NDST_A.txt,
NEAH_A.txt,
NEAL_A.txt,
NEAP_A.txt,
NEBB_A.txt,
NEBK_A.txt,
NEBS_A.txt,
NECH_A.txt,
NEDR_A.txt,
NEFR_A.txt,
NEGI_A.txt,
NEGO_A.txt,
NEGR_A.txt,
NEHA_A.txt,
NEHO_A.txt,
NEHR_A.txt,
NEHY_A.txt,
NEIA_A.txt,
NEKB_A.txt,
NELL_A.txt,
NELY_A.txt,
NEMC_A.txt,
NENC_A.txt,
NENF_A.txt,
NEOM_A.txt,
NEOR_A.txt,
NEPC_A.txt,
NERC_A.txt,
NESC_A.txt,
NEST_A.txt,
NESU_A.txt,
NETP_A.txt,
NEVN_A.txt,
NEYK_A.txt,
NHCO_A.txt,
NHUN_A.txt,
NJCM_A.txt,
NJDY_A.txt,
NJGC_A.txt,
NJHC_A.txt,
NJI2_A.txt,
NJMT_A.txt,
NJNT_A.txt,
NJOC_A.txt,
NJSC_A.txt,
NJTP_A.txt,
NJTR_A.txt,
NJTW_A.txt,
NJWC_A.txt,
NLIB_A.txt,
NMDE_A.txt,
NMGR_A.txt,
NMRO_A.txt,
NMSF_A.txt,
NMSU_A.txt,
NMTU_A.txt,
NOCO_A.txt,
NOMT_A.txt,
NOR1_A.txt,
NOR3_A.txt,
NPRI_A.txt,
NRC1_A.txt,
NVAG_A.txt,
NVBM_A.txt,
NVCA_A.txt,
NVLA_A.txt,
NVLM_A.txt,
NVPI_A.txt,
NVPO_A.txt,
NVSV_A.txt,
NVTP_A.txt,
NVWS_A.txt,
NWBG_A.txt,
NYBH_A.txt,
NYBP_A.txt,
NYBR_A.txt,
NYBT_A.txt,
NYCI_A.txt,
NYCL_A.txt,
NYCP_A.txt,
NYCS_A.txt,
NYDV_A.txt,
NYET_A.txt,
NYFD_A.txt,
NYFS_A.txt,
NYFV_A.txt,
NYHB_A.txt,
NYHC_A.txt,
NYHL_A.txt,
NYHS_A.txt,
NYIL_A.txt,
NYKT_A.txt,
NYLC_A.txt,
NYLP_A.txt,
NYLV_A.txt,
NYMD_A.txt,
NYML_A.txt,
NYMX_A.txt,
NYNB_A.txt,
NYON_A.txt,
NYPB_A.txt,
NYPD_A.txt,
NYPF_A.txt,
NYRB_A.txt,
NYRH_A.txt,
NYRM_A.txt,
NYSB_A.txt,
NYSM_A.txt,
NYST_A.txt,
NYVH_A.txt,
NYWG_A.txt,
NYWL_A.txt,
NYWT_A.txt,
NYWV_A.txt,
OAK1_A.txt,
OAK2_A.txt,
OAKH_A.txt,
OAX2_A.txt,
OCEN_A.txt,
OHAB_A.txt,
OHAD_A.txt,
OHAL_A.txt,
OHAS_A.txt,
OHCB_A.txt,
OHCD_A.txt,
OHCL_A.txt,
OHCS_A.txt,
OHDF_A.txt,
OHDR_A.txt,
OHDT_A.txt,
OHFH_A.txt,
OHFN_A.txt,
OHFY_A.txt,
OHHA_A.txt,
OHHI_A.txt,
OHHO_A.txt,
OHHU_A.txt,
OHJF_A.txt,
OHLA_A.txt,
OHLC_A.txt,
OHLI_A.txt,
OHLN_A.txt,
OHLO_A.txt,
OHMA_A.txt,
OHME_A.txt,
OHMH_A.txt,
OHMN_A.txt,
OHMR_A.txt,
OHPR_A.txt,
OHRI_A.txt,
OHRS_A.txt,
OHSB_A.txt,
OHUN_A.txt,
OHWI_A.txt,
OHWS_A.txt,
OHWY_A.txt,
OHZP_A.txt,
OKAD_A.txt,
OKAK_A.txt,
OKAL_A.txt,
OKAN_A.txt,
OKAO_A.txt,
OKAR_A.txt,
OKBF_A.txt,
OKCB_A.txt,
OKCL_A.txt,
OKDN_A.txt,
OKDT_A.txt,
OKEE_A.txt,
OKGM_A.txt,
OKHN_A.txt,
OKHV_A.txt,
OKLW_A.txt,
OKMA_A.txt,
OKMC_A.txt,
OKMU_A.txt,
OKPR_A.txt,
OKSA_A.txt,
OKSY_A.txt,
OKTE_A.txt,
OKTU_A.txt,
ORES_A.txt,
ORMD_A.txt,
ORSB_A.txt,
ORVB_A.txt,
OSN3_A.txt,
OSN4_A.txt,
OSPA_A.txt,
OTZ1_A.txt,
OZST_A.txt,
P001_A.txt,
P003_A.txt,
P006_A.txt,
P007_A.txt,
P008_A.txt,
P009_A.txt,
P011_A.txt,
P012_A.txt,
P013_A.txt,
P014_A.txt,
P015_A.txt,
P018_A.txt,
P020_A.txt,
P023_A.txt,
P025_A.txt,
P026_A.txt,
P027_A.txt,
P028_A.txt,
P030_A.txt,
P031_A.txt,
P032_A.txt,
P033_A.txt,
P034_A.txt,
P035_A.txt,
P036_A.txt,
P037_A.txt,
P038_A.txt,
P039_A.txt,
P040_A.txt,
P041_A.txt,
P042_A.txt,
P043_A.txt,
P044_A.txt,
P045_A.txt,
P046_A.txt,
P047_A.txt,
P049_A.txt,
P050_A.txt,
P051_A.txt,
P052_A.txt,
P053_A.txt,
P054_A.txt,
P055_A.txt,
P056_A.txt,
P057_A.txt,
P059_A.txt,
P060_A.txt,
P063_A.txt,
P066_A.txt,
P067_A.txt,
P069_A.txt,
P070_A.txt,
P072_A.txt,
P075_A.txt,
P082_A.txt,
P083_A.txt,
P085_A.txt,
P091_A.txt,
P093_A.txt,
P094_A.txt,
P100_A.txt,
P105_A.txt,
P107_A.txt,
P113_A.txt,
P120_A.txt,
P121_A.txt,
P122_A.txt,
P123_A.txt,
P129_A.txt,
P132_A.txt,
P140_A.txt,
P143_A.txt,
P146_A.txt,
P148_A.txt,
P149_A.txt,
P150_A.txt,
P151_A.txt,
P154_A.txt,
P157_A.txt,
P158_A.txt,
P159_A.txt,
P162_A.txt,
P164_A.txt,
P165_A.txt,
P168_A.txt,
P169_A.txt,
P170_A.txt,
P171_A.txt,
P172_A.txt,
P173_A.txt,
P176_A.txt,
P181_A.txt,
P183_A.txt,
P185_A.txt,
P188_A.txt,
P190_A.txt,
P192_A.txt,
P196_A.txt,
P198_A.txt,
P206_A.txt,
P210_A.txt,
P217_A.txt,
P222_A.txt,
P224_A.txt,
P225_A.txt,
P230_A.txt,
P231_A.txt,
P237_A.txt,
P242_A.txt,
P245_A.txt,
P254_A.txt,
P256_A.txt,
P259_A.txt,
P261_A.txt,
P267_A.txt,
P268_A.txt,
P270_A.txt,
P271_A.txt,
P277_A.txt,
P278_A.txt,
P280_A.txt,
P281_A.txt,
P282_A.txt,
P283_A.txt,
P284_A.txt,
P287_A.txt,
P288_A.txt,
P295_A.txt,
P300_A.txt,
P301_A.txt,
P302_A.txt,
P304_A.txt,
P305_A.txt,
P306_A.txt,
P307_A.txt,
P310_A.txt,
P314_A.txt,
P316_A.txt,
P319_A.txt,
P325_A.txt,
P329_A.txt,
P332_A.txt,
P334_A.txt,
P335_A.txt,
P336_A.txt,
P339_A.txt,
P341_A.txt,
P343_A.txt,
P344_A.txt,
P345_A.txt,
P346_A.txt,
P347_A.txt,
P348_A.txt,
P349_A.txt,
P351_A.txt,
P358_A.txt,
P367_A.txt,
P368_A.txt,
P372_A.txt,
P375_A.txt,
P376_A.txt,
P381_A.txt,
P386_A.txt,
P389_A.txt,
P392_A.txt,
P394_A.txt,
P401_A.txt,
P415_A.txt,
P420_A.txt,
P422_A.txt,
P432_A.txt,
P446_A.txt,
P451_A.txt,
P463_A.txt,
P467_A.txt,
P468_A.txt,
P470_A.txt,
P472_A.txt,
P473_A.txt,
P474_A.txt,
P475_A.txt,
P478_A.txt,
P480_A.txt,
P482_A.txt,
P483_A.txt,
P486_A.txt,
P494_A.txt,
P500_A.txt,
P506_A.txt,
P513_A.txt,
P516_A.txt,
P521_A.txt,
P523_A.txt,
P526_A.txt,
P532_A.txt,
P534_A.txt,
P539_A.txt,
P544_A.txt,
P545_A.txt,
P554_A.txt,
P558_A.txt,
P560_A.txt,
P563_A.txt,
P565_A.txt,
P566_A.txt,
P567_A.txt,
P572_A.txt,
P576_A.txt,
P582_A.txt,
P584_A.txt,
P588_A.txt,
P589_A.txt,
P591_A.txt,
P592_A.txt,
P594_A.txt,
P598_A.txt,
P600_A.txt,
P602_A.txt,
P603_A.txt,
P610_A.txt,
P611_A.txt,
P614_A.txt,
P615_A.txt,
P619_A.txt,
P621_A.txt,
P623_A.txt,
P625_A.txt,
P630_A.txt,
P636_A.txt,
P650_A.txt,
P651_A.txt,
P663_A.txt,
P671_A.txt,
P674_A.txt,
P675_A.txt,
P681_A.txt,
P687_A.txt,
P690_A.txt,
P693_A.txt,
P695_A.txt,
P696_A.txt,
P697_A.txt,
P698_A.txt,
P702_A.txt,
P706_A.txt,
P707_A.txt,
P715_A.txt,
P722_A.txt,
P730_A.txt,
P731_A.txt,
P739_A.txt,
P775_A.txt,
P776_A.txt,
P777_A.txt,
P779_A.txt,
P780_A.txt,
P784_A.txt,
P786_A.txt,
P802_A.txt,
P803_A.txt,
P804_A.txt,
P805_A.txt,
P806_A.txt,
P807_A.txt,
P817_A.txt,
P824_A.txt,
PAAP_A.txt,
PABH_A.txt,
PABT_A.txt,
PACO_A.txt,
PACS_A.txt,
PAFC_A.txt,
PAFM_A.txt,
PAFU_A.txt,
PAGW_A.txt,
PAII_A.txt,
PAJP_A.txt,
PAMM_A.txt,
PAMS_A.txt,
PAPC_A.txt,
PAPH_A.txt,
PARL_A.txt,
PARY_A.txt,
PASS_A.txt,
PAWG_A.txt,
PBCH_A.txt,
PCLA_A.txt,
PDTN_A.txt,
PICL_A.txt,
PIE1_A.txt,
PIMA_A.txt,
PIN1_A.txt,
PKTN_A.txt,
PLNA_A.txt,
PLO5_A.txt,
PLO6_A.txt,
PLSB_A.txt,
PLTK_A.txt,
PMB1_A.txt,
PMTL_A.txt,
PNB5_A.txt,
PNB6_A.txt,
PNNL_A.txt,
POAL_A.txt,
POT5_A.txt,
POT6_A.txt,
POTR_A.txt,
PPER_A.txt,
PPTE_A.txt,
PRAR_A.txt,
PRDS_A.txt,
PRDU_A.txt,
PRE3_A.txt,
PRE4_A.txt,
PRFJ_A.txt,
PRGY_A.txt,
PRHL_A.txt,
PRJC_A.txt,
PRLP_A.txt,
PRLT_A.txt,
PRMI_A.txt,
PRN4_A.txt,
PRRY_A.txt,
PSU1_A.txt,
PTAA_A.txt,
PTIR_A.txt,
PTPP_A.txt,
PTSG_A.txt,
PTVL_A.txt,
PUC2_A.txt,
PWEL_A.txt,
QIKI_A.txt,
QUI3_A.txt,
QUI4_A.txt,
QUIN_A.txt,
R301_A.txt,
RBUT_A.txt,
RDMT_A.txt,
RDSD_A.txt,
REDM_A.txt,
RESO_A.txt,
RG09_A.txt,
RG21_A.txt,
RG23_A.txt,
RIO2_A.txt,
RIOB_A.txt,
RKD1_A.txt,
RNO1_A.txt,
ROD1_A.txt,
ROPS_A.txt,
ROSS_A.txt,
RRW1_A.txt,
RSBG_A.txt,
RVDI_A.txt,
RWSN_A.txt,
S300_A.txt,
SABO_A.txt,
SACR_A.txt,
SAGA_A.txt,
SAM2_A.txt,
SAN0_A.txt,
SAP1_A.txt,
SASK_A.txt,
SAVO_A.txt,
SBCC_A.txt,
SBCH_A.txt,
SC00_A.txt,
SC01_A.txt,
SCCB_A.txt,
SCEB_A.txt,
SCFJ_A.txt,
SCGP_A.txt,
SCH2_A.txt,
SCHY_A.txt,
SCIP_A.txt,
SCRZ_A.txt,
SCSR_A.txt,
SCUB_A.txt,
SCUN_A.txt,
SCWR_A.txt,
SCWT_A.txt,
SDAB_A.txt,
SDHU_A.txt,
SDM2_A.txt,
SDMN_A.txt,
SDPI_A.txt,
SDPL_A.txt,
SDRC_A.txt,
SDWE_A.txt,
SE01_A.txt,
SEAT_A.txt,
SEDR_A.txt,
SELD_A.txt,
SFDM_A.txt,
SFSD_A.txt,
SG27_A.txt,
SGPO_A.txt,
SGU1_A.txt,
SHE2_A.txt,
SHIN_A.txt,
SHK5_A.txt,
SHK6_A.txt,
SHLD_A.txt,
SHRV_A.txt,
SIBY_A.txt,
SIDN_A.txt,
SIHS_A.txt,
SIO5_A.txt,
SIW2_A.txt,
SJB1_A.txt,
SKYB_A.txt,
SLAC_A.txt,
SLMS_A.txt,
SMAI_A.txt,
SNFD_A.txt,
SNI1_A.txt,
SOWR_A.txt,
SPED_A.txt,
SRS1_A.txt,
SRZN_A.txt,
SSHO_A.txt,
SSIA_A.txt,
STAY_A.txt,
STBT_A.txt,
STEA_A.txt,
STHL_A.txt,
STJO_A.txt,
STKR_A.txt,
STVI_A.txt,
SUAF_A.txt,
SUP2_A.txt,
SUP3_A.txt,
SUTB_A.txt,
SVGB_A.txt,
TALH_A.txt,
TALL_A.txt,
TAMP_A.txt,
TBON_A.txt,
TEG2_A.txt,
TGDR_A.txt,
THHR_A.txt,
THU3_A.txt,
TIBB_A.txt,
TIFF_A.txt,
TJRN_A.txt,
TLK2_A.txt,
TMG2_A.txt,
TMGO_A.txt,
TN1B_A.txt,
TN4D_A.txt,
TN11_A.txt,
TN12_A.txt,
TN13_A.txt,
TN14_A.txt,
TN15_A.txt,
TN16_A.txt,
TN17_A.txt,
TN18_A.txt,
TN19_A.txt,
TN21_A.txt,
TN22_A.txt,
TN23_A.txt,
TN24_A.txt,
TN25_A.txt,
TN26_A.txt,
TN27_A.txt,
TN28_A.txt,
TN29_A.txt,
TN30_A.txt,
TN31_A.txt,
TN32_A.txt,
TN33_A.txt,
TN34_A.txt,
TN35_A.txt,
TN36_A.txt,
TN37_A.txt,
TN38_A.txt,
TN39_A.txt,
TN40_A.txt,
TN41_A.txt,
TN42_A.txt,
TN43_A.txt,
TN44_A.txt,
TN45_A.txt,
TN46_A.txt,
TN48_A.txt,
TN49_A.txt,
TNCU_A.txt,
TNPP_A.txt,
TOL2_A.txt,
TONG_A.txt,
TONO_A.txt,
TONY_A.txt,
TOPL_A.txt,
TORP_A.txt,
TOST_A.txt,
TRAK_A.txt,
TRND_A.txt,
TSAQ_A.txt,
TSEA_A.txt,
TSWY_A.txt,
TTCS_A.txt,
TTSF_A.txt,
TTUW_A.txt,
TUKT_A.txt,
TUNG_A.txt,
TWHL_A.txt,
TXAB_A.txt,
TXAC_A.txt,
TXAD_A.txt,
TXAG_A.txt,
TXAI_A.txt,
TXAM_A.txt,
TXAN_A.txt,
TXAU_A.txt,
TXB3_A.txt,
TXBA_A.txt,
TXBC_A.txt,
TXBE_A.txt,
TXBI_A.txt,
TXBK_A.txt,
TXBN_A.txt,
TXBO_A.txt,
TXBR_A.txt,
TXBS_A.txt,
TXBT_A.txt,
TXBU_A.txt,
TXBV_A.txt,
TXBX_A.txt,
TXC1_A.txt,
TXC2_A.txt,
TXC3_A.txt,
TXCC_A.txt,
TXCD_A.txt,
TXCE_A.txt,
TXCG_A.txt,
TXCH_A.txt,
TXCI_A.txt,
TXCK_A.txt,
TXCL_A.txt,
TXCM_A.txt,
TXCN_A.txt,
TXCO_A.txt,
TXCR_A.txt,
TXCS_A.txt,
TXCT_A.txt,
TXCU_A.txt,
TXDA_A.txt,
TXDC_A.txt,
TXDE_A.txt,
TXDL_A.txt,
TXDR_A.txt,
TXEA_A.txt,
TXED_A.txt,
TXEL_A.txt,
TXEN_A.txt,
TXEP_A.txt,
TXES_A.txt,
TXFE_A.txt,
TXFR_A.txt,
TXFS_A.txt,
TXGA_A.txt,
TXGE_A.txt,
TXGL_A.txt,
TXGU_A.txt,
TXGZ_A.txt,
TXHA_A.txt,
TXHE_A.txt,
TXHI_A.txt,
TXHM_A.txt,
TXHO_A.txt,
TXHP_A.txt,
TXHR_A.txt,
TXJA_A.txt,
TXJC_A.txt,
TXKA_A.txt,
TXKC_A.txt,
TXKE_A.txt,
TXKM_A.txt,
TXKO_A.txt,
TXKR_A.txt,
TXL1_A.txt,
TXLA_A.txt,
TXLE_A.txt,
TXLF_A.txt,
TXLI_A.txt,
TXLL_A.txt,
TXLM_A.txt,
TXLN_A.txt,
TXLP_A.txt,
TXLR_A.txt,
TXLT_A.txt,
TXLU_A.txt,
TXLV_A.txt,
TXM1_A.txt,
TXMA_A.txt,
TXMC_A.txt,
TXME_A.txt,
TXMH_A.txt,
TXMN_A.txt,
TXMT_A.txt,
TXMV_A.txt,
TXMW_A.txt,
TXMX_A.txt,
TXNA_A.txt,
TXNC_A.txt,
TXNJ_A.txt,
TXNO_A.txt,
TXOE_A.txt,
TXOL_A.txt,
TXOR_A.txt,
TXOZ_A.txt,
TXP1_A.txt,
TXP2_A.txt,
TXPA_A.txt,
TXPD_A.txt,
TXPE_A.txt,
TXPI_A.txt,
TXPL_A.txt,
TXPM_A.txt,
TXPO_A.txt,
TXPR_A.txt,
TXPS_A.txt,
TXPT_A.txt,
TXPV_A.txt,
TXPY_A.txt,
TXQU_A.txt,
TXRL_A.txt,
TXRM_A.txt,
TXRS_A.txt,
TXRU_A.txt,
TXRV_A.txt,
TXS1_A.txt,
TXS3_A.txt,
TXSA_A.txt,
TXSC_A.txt,
TXSD_A.txt,
TXSE_A.txt,
TXSF_A.txt,
TXSG_A.txt,
TXSL_A.txt,
TXSM_A.txt,
TXSN_A.txt,
TXSO_A.txt,
TXSR_A.txt,
TXSS_A.txt,
TXST_A.txt,
TXSY_A.txt,
TXTA_A.txt,
TXTH_A.txt,
TXTI_A.txt,
TXTR_A.txt,
TXTU_A.txt,
TXTY_A.txt,
TXUV_A.txt,
TXVA_A.txt,
TXVE_A.txt,
TXWA_A.txt,
TXWE_A.txt,
TXWF_A.txt,
TXWH_A.txt,
TXWL_A.txt,
TXWT_A.txt,
TXZA_A.txt,
UCLU_A.txt,
UFPR_A.txt,
UMBC_A.txt,
UNBJ_A.txt,
UNIV_A.txt,
UNPM_A.txt,
UOFM_A.txt,
UPO5_A.txt,
UPO6_A.txt,
UPSA_A.txt,
UPTC_A.txt,
URIL_A.txt,
USGC_A.txt,
USMX_A.txt,
UTEP_A.txt,
UTMN_A.txt,
UVFM_A.txt,
VABG_A.txt,
VAGP_A.txt,
VALD_A.txt,
VBCA_A.txt,
VCAP_A.txt,
VDCY_A.txt,
VERA_A.txt,
VIKH_A.txt,
VINU_A.txt,
VITH_A.txt,
VNDP_A.txt,
VODG_A.txt,
VRAI_A.txt,
VTBE_A.txt,
VTC1_A.txt,
VTD2_A.txt,
VTD7_A.txt,
VTD9_A.txt,
VTDA_A.txt,
VTEB_A.txt,
VTHA_A.txt,
VTIP_A.txt,
VTMI_A.txt,
VTOX_A.txt,
VTRI_A.txt,
VTRU_A.txt,
VTSA_A.txt,
VTSP_A.txt,
WACH_A.txt,
WAPA_A.txt,
WARR_A.txt,
WASK_A.txt,
WBRF_A.txt,
WDBN_A.txt,
WDC5_A.txt,
WDC6_A.txt,
WES2_A.txt,
WHD5_A.txt,
WHD6_A.txt,
WHIT_A.txt,
WIAB_A.txt,
WIBL_A.txt,
WICH_A.txt,
WICR_A.txt,
WIHU_A.txt,
WIKR_A.txt,
WIL1_A.txt,
WILL_A.txt,
WIM5_A.txt,
WIM6_A.txt,
WIMW_A.txt,
WINL_A.txt,
WINT_A.txt,
WIPR_A.txt,
WIRL_A.txt,
WIS5_A.txt,
WIS6_A.txt,
WISB_A.txt,
WISN_A.txt,
WISU_A.txt,
WITG_A.txt,
WIWB_A.txt,
WIWI_A.txt,
WLNC_A.txt,
WMNG_A.txt,
WMOK_A.txt,
WMTW_A.txt,
WNTR_A.txt,
WQSL_A.txt,
WRUN_A.txt,
WUHN_A.txt,
WVAT_A.txt,
WVBR_A.txt,
WVBU_A.txt,
WVCV_A.txt,
WVGB_A.txt,
WVHA_A.txt,
WVHU_A.txt,
WVLE_A.txt,
WVMF_A.txt,
WVMZ_A.txt,
WVNR_A.txt,
WVOH_A.txt,
WVRA_A.txt,
WVSH_A.txt,
WVTA_A.txt,
WYGI_A.txt,
WYLC_A.txt,
WYRF_A.txt,
WYSH_A.txt,
XCTY_A.txt,
YBH2_A.txt,
YBHB_A.txt,
YELL_A.txt,
YESX_A.txt,
YFB1_A.txt,
YORK_A.txt,
YOU5_A.txt,
YOU6_A.txt,
YQX1_A.txt,
YWG1_A.txt,
YYR1_A.txt,
ZAB1_A.txt,
ZAB2_A.txt,
ZAN1_A.txt,
ZAU1_A.txt,
ZAXO_A.txt,
ZBW1_A.txt,
ZDC1_A.txt,
ZDV1_A.txt,
ZEFR_A.txt,
ZFW1_A.txt,
ZHN1_A.txt,
ZHU1_A.txt,
ZINA_A.txt,
ZJX1_A.txt,
ZKC1_A.txt,
ZLA1_A.txt,
ZLC1_A.txt,
ZMA1_A.txt,
ZME1_A.txt,
ZMP1_A.txt,
ZNY1_A.txt,
ZOA1_A.txt,
ZOA2_A.txt,
ZOB1_A.txt,
ZSE1_A.txt,
ZSU4_A.txt,
ZTL4_A.txt,